,,Lightning,Switching
ID,count,1000.0,1000.0
ID,mean,500.5,1500.5
ID,std,288.8194360957494,288.8194360957494
ID,min,1.0,1001.0
ID,25%,250.75,1250.75
ID,50%,500.5,1500.5
ID,75%,750.25,1750.25
ID,max,1000.0,2000.0
Test_kV,count,1000.0,1000.0
Test_kV,mean,1426.2280050646048,1022.7553610134404
Test_kV,std,43.19388732365632,42.95100694797642
Test_kV,min,1350.0007481197827,950.2959176432341
Test_kV,25%,1389.3785931315506,985.300674897735
Test_kV,50%,1427.9643984453287,1022.1470973338
Test_kV,75%,1462.7974090282805,1060.1538119575707
Test_kV,max,1499.6580671751872,1099.9582600779831
Load_C_pF,count,1000.0,1000.0
Load_C_pF,mean,926.6915480309632,929.1214022801723
Load_C_pF,std,186.37842242322367,187.02805297147918
Load_C_pF,min,600.6340376799926,600.0713513232768
Load_C_pF,25%,758.5313902789494,762.8866101556923
Load_C_pF,50%,930.3934286290314,936.5747860691044
Load_C_pF,75%,1087.8622858581366,1093.3655460277805
Load_C_pF,max,1249.0749789401889,1248.4323899494484
Divider_C_pF,count,1000.0,1000.0
Divider_C_pF,mean,546.1110285017639,553.8920530471951
Divider_C_pF,std,115.54973990460229,113.39136409105812
Divider_C_pF,min,350.1372819766402,350.5392773076892
Divider_C_pF,25%,445.2814065851271,457.10712543223053
Divider_C_pF,50%,540.925921080634,555.9979164972901
Divider_C_pF,75%,647.1597677096725,652.8503376292065
Divider_C_pF,max,749.5681126601994,748.6888266168535
Stray_C_pF,count,1000.0,1000.0
Stray_C_pF,mean,204.8400548498612,204.5159822020214
Stray_C_pF,std,71.76000488199112,71.18394600987261
Stray_C_pF,min,80.04222092684358,80.49884809413925
Stray_C_pF,25%,141.95751877385192,145.40666324144695
Stray_C_pF,50%,201.12005951348692,199.11226977827027
Stray_C_pF,75%,266.58642229274847,266.3392178493086
Stray_C_pF,max,329.87657193560153,329.9066849704832
L_uH,count,1000.0,1000.0
L_uH,mean,19.02780433989875,18.849679534358902
L_uH,std,6.295622225323538,6.268117342377889
L_uH,min,8.023759151343256,8.066968023311347
L_uH,25%,13.778377142501995,13.288750296225771
L_uH,50%,19.042620268883184,18.518583634169772
L_uH,75%,24.457934388890862,24.264331041253172
L_uH,max,29.97859715623781,29.994382478762418
Efficiency,count,1000.0,1000.0
Efficiency,mean,0.8256820716309641,0.8243331677718554
Efficiency,std,0.020342154774646525,0.020778832805080652
Efficiency,min,0.79008695616154,0.7900192660861649
Efficiency,25%,0.8081255547882756,0.8049944616196445
Efficiency,50%,0.825549466299126,0.8250297000771389
Efficiency,75%,0.8439333534298931,0.8427257637551521
Efficiency,max,0.8598214949737304,0.8599677245062777
Stages,count,1000.0,1000.0
Stages,mean,9.138,6.727
Stages,std,0.40388008012170984,0.4457237593730805
Stages,min,8.0,6.0
Stages,25%,9.0,6.0
Stages,50%,9.0,7.0
Stages,75%,9.0,7.0
Stages,max,10.0,7.0
Charge_kV_Stage,count,1000.0,1000.0
Charge_kV_Stage,mean,189.27285360974443,184.93991211307264
Charge_kV_Stage,std,6.0004411211103825,8.21786011582542
Charge_kV_Stage,min,177.83080515556412,171.45690088307038
Charge_kV_Stage,25%,184.3179275061991,178.02175210296247
Charge_kV_Stage,50%,188.99180245548195,184.58106890706443
Charge_kV_Stage,75%,194.49916462898557,191.9510932707412
Charge_kV_Stage,max,199.96631259070142,199.99313260274985
Front_R_Stage,count,1000.0,1000.0
Front_R_Stage,mean,44.13,13504.42
Front_R_Stage,std,7.563088013523339,2153.497751604625
Front_R_Stage,min,30.0,9370.0
Front_R_Stage,25%,40.0,11948.75
Front_R_Stage,50%,45.0,13170.0
Front_R_Stage,75%,50.0,14670.0
Front_R_Stage,max,65.0,21810.0
Tail_R_Stage,count,1000.0,1000.0
Tail_R_Stage,mean,25.0,1198.75
Tail_R_Stage,std,0.0,2.166146853791818
Tail_R_Stage,min,25.0,1195.0
Tail_R_Stage,25%,25.0,1198.75
Tail_R_Stage,50%,25.0,1200.0
Tail_R_Stage,75%,25.0,1200.0
Tail_R_Stage,max,25.0,1200.0
Physics_FrontPeak_us,count,1000.0,1000.0
Physics_FrontPeak_us,mean,1.1999817258883803,249.99991270515136
Physics_FrontPeak_us,std,0.03359450321580448,0.027466074165451746
Physics_FrontPeak_us,min,1.1267987573160905,249.93836118409126
Physics_FrontPeak_us,25%,1.1728826067547196,249.97712938594395
Physics_FrontPeak_us,50%,1.1991667107351964,250.00093370376408
Physics_FrontPeak_us,75%,1.2278098143074128,250.02329423826933
Physics_FrontPeak_us,max,1.2812340594999916,250.06107544326397
Physics_Tail_us,count,1000.0,1000.0
Physics_Tail_us,mean,52.240630645729496,2501.6294413549213
Physics_Tail_us,std,0.03928710259633546,3.5897853011769607
Physics_Tail_us,min,52.1516074998122,2494.7950864786994
Physics_Tail_us,25%,52.21234480090516,2499.7897615177008
Physics_Tail_us,50%,52.23921380287763,2503.2865791758945
Physics_Tail_us,75%,52.267538161973235,2504.253170244898
Physics_Tail_us,max,52.35008942507103,2505.214443124026
Physics_Crest_kV,count,1000.0,1000.0
Physics_Crest_kV,mean,1426.2280050646048,1022.7553610134404
Physics_Crest_kV,std,43.19388732365632,42.95100694797642
Physics_Crest_kV,min,1350.0007481197827,950.2959176432341
Physics_Crest_kV,25%,1389.3785931315506,985.300674897735
Physics_Crest_kV,50%,1427.9643984453287,1022.1470973338
Physics_Crest_kV,75%,1462.7974090282805,1060.1538119575707
Physics_Crest_kV,max,1499.6580671751872,1099.9582600779831
Observed_FrontPeak_us,count,1000.0,1000.0
Observed_FrontPeak_us,mean,1.20149186088799,250.43389290343433
Observed_FrontPeak_us,std,0.03467807655273341,2.3451989933048183
Observed_FrontPeak_us,min,1.129098473553004,244.13546737734217
Observed_FrontPeak_us,25%,1.1740883738782357,248.76473023571714
Observed_FrontPeak_us,50%,1.1989345665208786,250.37822464790537
Observed_FrontPeak_us,75%,1.2284760603846903,252.05341319230672
Observed_FrontPeak_us,max,1.2881083613857895,256.4382981789241
Observed_Tail_us,count,1000.0,1000.0
Observed_Tail_us,mean,52.324498067131415,2504.2616602171856
Observed_Tail_us,std,0.8179184862361456,31.271429959217834
Observed_Tail_us,min,50.397728029340215,2430.434672832674
Observed_Tail_us,25%,51.79816220115059,2480.7706654363055
Observed_Tail_us,50%,52.306055519355965,2504.5961462302903
Observed_Tail_us,75%,52.89756913026132,2526.024296709314
Observed_Tail_us,max,54.145587887111695,2579.5341878185936
Observed_Crest_kV,count,1000.0,1000.0
Observed_Crest_kV,mean,1424.0647129531144,1021.2753032016033
Observed_Crest_kV,std,44.671286352536875,43.90140950476595
Observed_Crest_kV,min,1326.4353315905228,936.645318869776
Observed_Crest_kV,25%,1384.1472017283568,984.3858952735961
Observed_Crest_kV,50%,1427.261308173107,1018.8651231332917
Observed_Crest_kV,75%,1460.7457797998213,1057.4176113792946
Observed_Crest_kV,max,1525.6079272109835,1114.355858589029
Residual_FrontPeak,count,1000.0,1000.0
Residual_FrontPeak,mean,0.0015101349996098905,0.43398019828291884
Residual_FrontPeak,std,0.009907274675761092,2.3451069634430746
Residual_FrontPeak,min,-0.023623856882388772,-5.8406279723646435
Residual_FrontPeak,25%,-0.005784366310912448,-1.232442487844125
Residual_FrontPeak,50%,0.0017255534442063292,0.36818100051972635
Residual_FrontPeak,75%,0.00847850453514315,2.072063879197266
Residual_FrontPeak,max,0.027375855026930518,6.4922817939474555
Residual_Tail,count,1000.0,1000.0
Residual_Tail,mean,0.08386742140192546,2.6322188622642795
Residual_Tail,std,0.799418384420907,32.04148889157502
Residual_Tail,min,-1.7793604038218902,-72.42059848693225
Residual_Tail,25%,-0.43431107211980446,-21.111598236539066
Residual_Tail,50%,0.06775398380944964,3.079116093489347
Residual_Tail,75%,0.646831416833642,26.045353717717035
Residual_Tail,max,1.880579259581367,74.42692949668299
Residual_Crest,count,1000.0,1000.0
Residual_Crest,mean,-2.1632921114904993,-1.4800578118371461
Residual_Crest,std,11.130709197179645,8.070443853935574
Residual_Crest,min,-31.34129959888878,-22.651877454733267
Residual_Crest,25%,-9.699889944118581,-7.139660858671135
Residual_Crest,50%,-2.0906681426281466,-1.553867730081265
Residual_Crest,75%,5.358621605796543,4.092693712616494
Residual_Crest,max,28.122174725756622,20.816427349550395
