ID,Split,Impulse_Type,pred_front_us,pred_tail_us,pred_crest_kV
15,Validation,Lightning,1.1988634150885924,52.140754379056524,1459.713613745981
16,Validation,Lightning,1.1782715452915673,52.89666963427454,1390.0461324135579
17,Validation,Lightning,1.1774599409039477,51.86858710967204,1356.5196859130222
35,Validation,Lightning,1.2127261441206763,52.306066415327216,1480.919842716317
36,Validation,Lightning,1.2036322375797623,52.67822110985752,1464.2334948459045
37,Validation,Lightning,1.1947197763610933,52.10956876208907,1472.5180276672436
55,Validation,Lightning,1.1831330071350328,52.39921717814269,1506.7442306062335
56,Validation,Lightning,1.2239536632552346,52.40253059153296,1496.2728858903886
57,Validation,Lightning,1.21425000186213,53.691849231077356,1467.5834002311722
75,Validation,Lightning,1.1599039298801956,52.95589299163117,1400.6717471957757
76,Validation,Lightning,1.182378078911401,52.04333522464421,1375.4891615687998
77,Validation,Lightning,1.1710162238301811,51.43523897216731,1493.598194989766
95,Validation,Lightning,1.1876730931875408,53.08892648018354,1427.2359448353366
96,Validation,Lightning,1.2429304092586375,52.68150778765038,1446.28838912261
97,Validation,Lightning,1.224319164976432,52.077987097669855,1465.273201192575
115,Validation,Lightning,1.1889802220903296,52.59808823638999,1356.6527669019779
116,Validation,Lightning,1.1604877642887104,51.856252582388485,1411.5735720395046
117,Validation,Lightning,1.151304362752193,53.04495976052652,1472.254236473675
135,Validation,Lightning,1.2452832542741543,51.86507383251161,1381.729668968321
136,Validation,Lightning,1.1639722443781377,51.50221532653056,1446.7266455175027
137,Validation,Lightning,1.2114650738901562,52.44411318325728,1419.3591191661867
155,Validation,Lightning,1.2320375704783764,52.68527933255542,1431.054855567057
156,Validation,Lightning,1.181259327983683,51.961015645459725,1366.807062523472
157,Validation,Lightning,1.1702541575684777,52.676378804537926,1407.565447782595
175,Validation,Lightning,1.2253278920813557,53.00783364055196,1444.5676628566778
176,Validation,Lightning,1.2083006595415133,52.52275678739052,1481.0981205914095
177,Validation,Lightning,1.1774925880105613,51.64902379271574,1365.993782208427
195,Validation,Lightning,1.217391688695016,51.916655161290166,1396.0178397441855
196,Validation,Lightning,1.2341329541770643,51.92531021408751,1439.511016126608
197,Validation,Lightning,1.205821650167528,53.234338107663085,1449.2468086311783
215,Validation,Lightning,1.237899884788694,51.89961753868678,1486.8871348368514
216,Validation,Lightning,1.2244962540059028,51.77412908443459,1505.9153629066147
217,Validation,Lightning,1.149646963228912,53.387592400910975,1394.6792840583305
235,Validation,Lightning,1.2263806539932192,52.168915558592346,1370.1619200663363
236,Validation,Lightning,1.156334952194413,52.707215294629485,1472.767800082395
237,Validation,Lightning,1.1581404344620192,52.04326206030841,1391.9313419557006
255,Validation,Lightning,1.221495596597249,51.89138862579152,1365.799049497648
256,Validation,Lightning,1.2044047292005515,52.42652224076762,1433.260054978731
257,Validation,Lightning,1.2670947605209735,52.751568948173464,1424.0631467064004
275,Validation,Lightning,1.1892023089939818,52.976253872792874,1370.733808054952
276,Validation,Lightning,1.2174560902300993,51.08924735813862,1415.3542490011964
277,Validation,Lightning,1.1862263284041685,51.57173152088844,1380.0015093935917
295,Validation,Lightning,1.2334813590522615,51.65466731550207,1451.328923573771
296,Validation,Lightning,1.1476928437303477,53.3234563699695,1395.8564466945138
297,Validation,Lightning,1.23355472695384,52.77779297339286,1459.6140314064817
315,Validation,Lightning,1.1613219473332088,53.16711754896466,1381.2722184423565
316,Validation,Lightning,1.1863059149659967,52.97036928959318,1393.9588631610632
317,Validation,Lightning,1.157464081035254,52.60998237307047,1393.4411684771587
335,Validation,Lightning,1.2168929731927753,52.66817698047932,1353.6535133663003
336,Validation,Lightning,1.2430122814662363,51.34603650348578,1420.1326433024628
337,Validation,Lightning,1.2097980920039737,51.57122164817074,1403.528930003064
355,Validation,Lightning,1.2185158224913721,52.66228104226904,1434.4556174761444
356,Validation,Lightning,1.1664195862378508,52.567788132473886,1392.2462545705896
357,Validation,Lightning,1.1428315791210348,52.09860977168738,1434.3804508187973
375,Validation,Lightning,1.1777212713139342,52.466452855924516,1436.5487267685871
376,Validation,Lightning,1.2186020607832104,53.15708385627361,1353.7318735033796
377,Validation,Lightning,1.2047226467906396,52.99560255182265,1359.351742637858
395,Validation,Lightning,1.2327380331757927,52.46386104919462,1504.7157360184128
396,Validation,Lightning,1.1436857096143243,53.30326181881989,1430.015762184758
397,Validation,Lightning,1.1781570211322239,52.82231012943855,1403.1010091486253
415,Validation,Lightning,1.212483195313909,51.37199412824935,1469.9706282555
416,Validation,Lightning,1.1692859198925023,52.10555176871639,1460.8031292904143
417,Validation,Lightning,1.2431866002612142,52.861840101663105,1405.7717858957412
435,Validation,Lightning,1.2653262487967707,53.22439558002286,1345.08529932727
436,Validation,Lightning,1.1634147058382815,52.074928807689474,1386.3179397261317
437,Validation,Lightning,1.1648656654448606,51.4735021544461,1454.2040570811141
455,Validation,Lightning,1.1853389663191423,51.91772422316807,1440.0284499865334
456,Validation,Lightning,1.2182709654266175,51.77301778771132,1474.5292278182694
457,Validation,Lightning,1.1542538491338563,52.9633732876494,1373.8541116121883
475,Validation,Lightning,1.230408975650585,52.062607680684124,1424.8758899011134
476,Validation,Lightning,1.2556128474988735,52.3672931859921,1385.9585217502351
477,Validation,Lightning,1.1974641187454935,53.00724776112449,1418.8893483030197
495,Validation,Lightning,1.175913346820877,52.11929023800147,1374.760282117911
496,Validation,Lightning,1.176102222400015,52.38722283773954,1414.8764911794658
497,Validation,Lightning,1.17590016903007,51.9216242074792,1435.9019964280171
515,Validation,Lightning,1.1446833823015665,52.52374376487953,1482.0783777116937
516,Validation,Lightning,1.1528317177890375,52.78384995920323,1447.8556517672973
517,Validation,Lightning,1.2123772190230044,51.96931597957158,1404.2677580600875
535,Validation,Lightning,1.1846239134105192,52.84684169095918,1380.9948663582093
536,Validation,Lightning,1.2326576238846993,52.99850780656854,1410.2094593292252
537,Validation,Lightning,1.219635540990988,52.224120111054695,1364.8151353724215
555,Validation,Lightning,1.1475985907689263,51.92307162813156,1431.3757966852522
556,Validation,Lightning,1.174838784595217,52.72855649259215,1409.7076309189445
557,Validation,Lightning,1.2535807541474353,52.014166115705194,1335.1149852834574
575,Validation,Lightning,1.14496360629808,52.47264219304336,1372.149944778265
576,Validation,Lightning,1.1649970513418189,51.91732162407576,1370.6918465729996
577,Validation,Lightning,1.1815428783761348,51.690016677995224,1429.650387123978
595,Validation,Lightning,1.1598554529029832,52.21282506851311,1496.6412929039655
596,Validation,Lightning,1.1607982626049216,51.511995230961155,1345.4685218475945
597,Validation,Lightning,1.238463297927244,52.51346137235938,1469.3050851246842
615,Validation,Lightning,1.1442924059019022,51.68633753024393,1373.9113816751694
616,Validation,Lightning,1.2280807796065611,52.43307675219696,1409.9797913243708
617,Validation,Lightning,1.2248516452449991,53.02332066854788,1435.2433474591246
635,Validation,Lightning,1.1502085187802964,51.433224415241966,1466.357536198676
636,Validation,Lightning,1.151620155802003,51.89518618206506,1360.607240318013
637,Validation,Lightning,1.2056279183570064,52.20045450332802,1434.2299313628719
655,Validation,Lightning,1.2517105556064319,51.78590101720638,1439.610792680098
656,Validation,Lightning,1.16455867571047,51.968904836842825,1483.6589814484128
657,Validation,Lightning,1.2544006927695819,52.17987199908111,1378.190528826524
675,Validation,Lightning,1.150751594736275,52.60988749954599,1447.538888795939
676,Validation,Lightning,1.1954238300749347,52.429873943980056,1381.3165597354564
677,Validation,Lightning,1.2029671090769893,51.72715808099085,1459.990422145128
695,Validation,Lightning,1.1820334693580936,51.35142653564889,1468.5991161001132
696,Validation,Lightning,1.2299601531134443,51.4567290578461,1405.692061852798
697,Validation,Lightning,1.251930579112537,52.672304548191526,1463.4053633142105
715,Validation,Lightning,1.2595076484691687,52.91849118389803,1431.1207267344344
716,Validation,Lightning,1.2230881607804556,51.64725138120369,1479.0331397983095
717,Validation,Lightning,1.1872321947770406,52.524404649603845,1393.5507528785154
735,Validation,Lightning,1.2351657261903368,51.887280872070264,1431.6268367689363
736,Validation,Lightning,1.1620630964342769,51.795404007458956,1498.477421455289
737,Validation,Lightning,1.205092344591226,52.61398823438598,1364.246152520298
755,Validation,Lightning,1.1990953327852454,51.92507155631146,1471.231798931801
756,Validation,Lightning,1.1974684292865514,51.34056075521325,1493.4066072088917
757,Validation,Lightning,1.1558494654006917,52.59884814721514,1357.4319231865516
775,Validation,Lightning,1.2263219864410466,52.721531421243334,1443.2946554538291
776,Validation,Lightning,1.1989845448425083,51.89997169526931,1401.0317097239024
777,Validation,Lightning,1.1565960217431552,52.503670023626995,1379.1046215234892
795,Validation,Lightning,1.209989034262592,51.67198471370854,1434.3568789084663
796,Validation,Lightning,1.237516390496066,52.17151191857445,1470.9131970808342
797,Validation,Lightning,1.2180853982971729,52.252518722545815,1407.7875262991145
815,Validation,Lightning,1.190617496082337,51.898809123061355,1367.6528576483838
816,Validation,Lightning,1.1645492226986935,52.76910110978399,1448.6559661858441
817,Validation,Lightning,1.1533717436655584,52.71302875925686,1393.9629406590414
835,Validation,Lightning,1.149190724140386,52.88424343270141,1432.6458373610676
836,Validation,Lightning,1.2161886140079035,52.65825486393186,1454.4986666332547
837,Validation,Lightning,1.1552795584903772,52.165138438395,1408.6789805233516
855,Validation,Lightning,1.2167776130186303,52.22310864305146,1391.4921296922064
856,Validation,Lightning,1.221451036459028,52.55906107005795,1418.6619943954558
857,Validation,Lightning,1.2239402513807158,52.104036372759325,1394.2456456731936
875,Validation,Lightning,1.2031547818887411,52.6224459749126,1439.8767131809695
876,Validation,Lightning,1.2181161554993922,51.64414859141988,1410.7774416643197
877,Validation,Lightning,1.1546853870258404,52.07590808493225,1434.4393372430377
895,Validation,Lightning,1.2208368516508041,52.45949933728252,1357.0998922666518
896,Validation,Lightning,1.2053922936203971,51.8507393127083,1379.1765950466727
897,Validation,Lightning,1.1491899309766247,51.35369270089794,1448.8057267812437
915,Validation,Lightning,1.1739522889518965,52.51489174235528,1489.1985869618936
916,Validation,Lightning,1.1649032168144078,52.19678216557271,1389.2569789374652
917,Validation,Lightning,1.1730013242215116,51.916717617165844,1477.7456411273636
935,Validation,Lightning,1.209579577004861,53.059325830330025,1432.6153543726025
936,Validation,Lightning,1.146587780212305,52.20046760730598,1432.288815553118
937,Validation,Lightning,1.159697779179013,52.55291674788133,1461.3732329128418
955,Validation,Lightning,1.2602531492428817,52.5988806879933,1444.7329984903818
956,Validation,Lightning,1.240046158576525,51.64253085335206,1449.6764848194953
957,Validation,Lightning,1.2490105645035068,51.61634460187761,1464.4154304898334
975,Validation,Lightning,1.1985894665635881,52.90378298967288,1443.3954523413245
976,Validation,Lightning,1.281494526369029,52.305319503712774,1454.7048217646009
977,Validation,Lightning,1.193219341567137,51.52192996398043,1424.0797171317092
995,Validation,Lightning,1.260510610722319,52.57678819046574,1422.5357035482878
996,Validation,Lightning,1.1514731286749342,52.86962855756136,1342.8316857280588
997,Validation,Lightning,1.183247940536092,52.435678979102136,1493.170206790817
1015,Validation,Switching,254.0817205595595,2520.420389265568,1081.9831466756723
1016,Validation,Switching,250.09168231883405,2511.1962955819135,1030.3473042616895
1017,Validation,Switching,252.65406891197713,2527.430695557959,1061.8897777616548
1035,Validation,Switching,248.0538248432887,2494.7470676029275,989.8982778386189
1036,Validation,Switching,252.97046347963186,2525.2142238637266,1045.5782628572185
1037,Validation,Switching,253.49851518903313,2528.3013046255387,1026.1467950890483
1055,Validation,Switching,249.42005958015054,2523.8723364931275,988.8852199355302
1056,Validation,Switching,250.84398313262994,2526.7161058457805,1017.1602538613408
1057,Validation,Switching,249.27273663853404,2497.021610646251,996.8101928590648
1075,Validation,Switching,251.59159981052065,2512.212312025622,1028.2029358770274
1076,Validation,Switching,249.37283224774157,2486.170464825929,1023.1200792280287
1077,Validation,Switching,250.1714447280601,2530.786741867762,964.5987135467627
1095,Validation,Switching,251.30692969976664,2533.450786019533,1055.4761362944537
1096,Validation,Switching,253.23162053107828,2506.0411989453146,981.2860727278035
1097,Validation,Switching,249.79892414809868,2533.5517724277024,1039.499522907989
1115,Validation,Switching,249.23193846950198,2485.0532911060463,1096.7369195373833
1116,Validation,Switching,250.4432427768445,2509.281343106984,965.3858350967311
1117,Validation,Switching,251.2965222156206,2494.756430661692,1070.5224259924921
1135,Validation,Switching,247.4788365145316,2502.239248902426,1085.6422958295857
1136,Validation,Switching,247.55462061973805,2501.2302609106046,978.1093727949856
1137,Validation,Switching,249.55960303703844,2473.0850394770323,966.1901806896392
1155,Validation,Switching,249.64810280950178,2488.371997215797,999.7888169309559
1156,Validation,Switching,252.7561182746974,2520.5999021416465,1006.8689691365029
1157,Validation,Switching,249.83990683105122,2489.7314588430067,1043.5661285615422
1175,Validation,Switching,249.11938734560374,2526.7848877555302,975.28154743229
1176,Validation,Switching,248.59946100151797,2492.3142062213797,1016.1138031266945
1177,Validation,Switching,251.2567980904213,2533.594876777418,1084.2353603907054
1195,Validation,Switching,249.5836499254527,2501.8606253765106,1011.2708870806241
1196,Validation,Switching,252.11777044751167,2513.87174102932,996.4238020036729
1197,Validation,Switching,248.65567326983293,2507.177518870133,995.6849691843879
1215,Validation,Switching,250.65281545900163,2477.4058822366874,1014.5870673000784
1216,Validation,Switching,249.4600663542532,2486.313696974203,1073.1227551548393
1217,Validation,Switching,250.62137799277406,2497.862575120607,1084.5934288963629
1235,Validation,Switching,247.115267391163,2485.7701854207835,1053.3750953489655
1236,Validation,Switching,252.63204004620403,2526.427910870542,968.5408037904583
1237,Validation,Switching,250.94509071110565,2538.7578850823015,963.1671308421006
1255,Validation,Switching,252.70678393853277,2515.700692291622,1013.8854867518951
1256,Validation,Switching,248.33960500121725,2506.5446444509503,987.3677619392149
1257,Validation,Switching,250.19302942837888,2528.223058637084,1067.5690099365193
1275,Validation,Switching,248.50620784571979,2464.9249398368775,1047.6931858446242
1276,Validation,Switching,252.16429402850682,2464.122458322384,959.3556208141966
1277,Validation,Switching,250.46828478420423,2521.4665630763016,1040.2826425188423
1295,Validation,Switching,252.11205040269883,2518.6077080129526,1053.7971907202827
1296,Validation,Switching,252.91544203439162,2499.944153080866,980.7579044273759
1297,Validation,Switching,251.7762248123865,2514.7623060626133,1036.1540530580191
1315,Validation,Switching,250.88284239197773,2527.2019893029005,1015.979938318254
1316,Validation,Switching,253.02482643011265,2509.475627950529,1044.7256519951493
1317,Validation,Switching,252.65446940732463,2496.7058724978583,1010.8008497929103
1335,Validation,Switching,249.12852291263928,2531.5862205804283,983.4268356513718
1336,Validation,Switching,251.86441033156484,2501.504902046019,1045.2559967280044
1337,Validation,Switching,249.70034708580408,2499.293383097603,957.0570218525204
1355,Validation,Switching,251.3319262402635,2466.501713234642,1074.9081943823946
1356,Validation,Switching,251.2816393409887,2536.792566224688,983.5031603062799
1357,Validation,Switching,251.99183550006336,2534.113931718002,995.880064828439
1375,Validation,Switching,250.40035352028994,2501.13582073006,989.0463931131231
1376,Validation,Switching,249.6525227007587,2493.133568676686,1041.4982036844303
1377,Validation,Switching,251.95128538601406,2509.6687449826004,1046.1280764226863
1395,Validation,Switching,250.29930532220757,2501.6677987725798,1052.2307346702858
1396,Validation,Switching,251.7920591742766,2521.1344556547415,959.4238768196418
1397,Validation,Switching,251.06088007208544,2500.3318409861026,979.8163360456208
1415,Validation,Switching,251.00232051006105,2491.76265334275,1060.3282086397664
1416,Validation,Switching,248.7641054873463,2505.727785197887,1002.7024400482078
1417,Validation,Switching,251.46699188035103,2463.2652049461417,1056.509252194735
1435,Validation,Switching,251.08832323503253,2532.6881510795456,1090.7527618799652
1436,Validation,Switching,253.08320687455407,2511.0956640365985,1065.7502209335826
1437,Validation,Switching,252.87497276366358,2523.768226011305,1043.6117053841515
1455,Validation,Switching,249.3809678287702,2535.7598186433042,1008.8808430386595
1456,Validation,Switching,249.38297714051777,2542.436819277352,1057.7235523593772
1457,Validation,Switching,248.80436837266217,2496.6345666034963,1072.7844929613427
1475,Validation,Switching,253.44504822001295,2513.7481438641307,1005.3233097947505
1476,Validation,Switching,251.61431935838658,2500.836123907657,996.0556951274166
1477,Validation,Switching,250.60043052260644,2493.700208189087,1020.0435584518634
1495,Validation,Switching,250.729205314569,2494.101163510256,1086.4559197262897
1496,Validation,Switching,249.78790504421747,2461.4506882535534,1049.6998690849907
1497,Validation,Switching,252.2988625135165,2520.275015495177,1057.3908982328394
1515,Validation,Switching,247.33677629695723,2484.4272403079362,1094.5355327439818
1516,Validation,Switching,252.13720988972275,2510.504210684743,1054.6473416766187
1517,Validation,Switching,250.34785859832556,2499.093418905501,995.5156631500204
1535,Validation,Switching,252.71761721685678,2526.3537873727173,980.38164262768
1536,Validation,Switching,250.22931195500075,2493.632730652294,1053.3557652851266
1537,Validation,Switching,252.67004623428238,2502.1757905978347,1021.1891822791827
1555,Validation,Switching,252.187564038568,2461.01641061707,1000.7205605299985
1556,Validation,Switching,249.50880999938076,2510.656654530388,978.0677449575616
1557,Validation,Switching,253.2725553497476,2519.0818603783773,1002.9981289335652
1575,Validation,Switching,247.70005595914037,2484.111938377728,1048.3125653007528
1576,Validation,Switching,250.84527776749744,2483.8808680243806,988.5649322130994
1577,Validation,Switching,249.9165249594467,2485.7484311380726,1049.5849154470052
1595,Validation,Switching,249.14952429432313,2503.446511248139,1060.4948964116973
1596,Validation,Switching,247.1383838780609,2494.8344390746033,1011.5837658787958
1597,Validation,Switching,250.6796744009529,2521.729850620612,993.0936000991054
1615,Validation,Switching,253.1287487449817,2549.1281242102264,1070.4520933572437
1616,Validation,Switching,251.46594928072003,2491.80520922556,965.884504985284
1617,Validation,Switching,250.90210510332804,2497.902982905643,983.5800854679873
1635,Validation,Switching,248.6037715651804,2497.2685160613364,1085.2846050434482
1636,Validation,Switching,252.536764134638,2508.2858925244886,1062.3573284995696
1637,Validation,Switching,253.2565868032652,2520.5752825661916,988.3554896209796
1655,Validation,Switching,248.45781613686583,2506.0735778321614,1048.3481283771341
1656,Validation,Switching,251.12884492150494,2505.9024460289147,1083.8285953939014
1657,Validation,Switching,252.6557760777025,2497.750173273649,1037.979716807228
1675,Validation,Switching,250.2932259664965,2490.530160005816,1097.1416470972622
1676,Validation,Switching,250.9250224249154,2500.034703775198,1031.855549795629
1677,Validation,Switching,249.08235569228876,2496.6779847553667,949.1727058870674
1695,Validation,Switching,252.80244499254877,2509.5848533558733,980.66852852704
1696,Validation,Switching,249.46212643440936,2496.7499819193745,1085.5228144824196
1697,Validation,Switching,250.43391980829338,2526.1364539964175,1090.7317787386191
1715,Validation,Switching,247.5693135945406,2489.401362879731,993.3370124329915
1716,Validation,Switching,248.25984909361293,2521.055105481038,1026.0060482954168
1717,Validation,Switching,247.96685957497957,2485.621615437325,1087.1753551841882
1735,Validation,Switching,250.02877631526417,2516.595129152307,986.0657160054592
1736,Validation,Switching,251.11237362197042,2531.250813613324,1020.5408150405824
1737,Validation,Switching,248.38332255677216,2479.2388900123756,1097.9396675630255
1755,Validation,Switching,249.49992365683545,2470.8115135664157,996.5072569287393
1756,Validation,Switching,250.30776361041669,2529.8466835014697,1076.3199053378223
1757,Validation,Switching,252.73303252428656,2500.0329282594994,1079.001095022169
1775,Validation,Switching,250.3314680254319,2504.1438777101685,1009.3388054677594
1776,Validation,Switching,250.71498776618645,2507.7848593864373,1047.1693115693643
1777,Validation,Switching,252.31271793633329,2511.312595813154,1031.2309005289255
1795,Validation,Switching,249.70576662166928,2497.5654758414257,1009.192328520036
1796,Validation,Switching,249.4320975492826,2467.232531967231,1074.2221628303312
1797,Validation,Switching,249.69803255252808,2524.769716772355,1034.130234207778
1815,Validation,Switching,251.5578398449876,2517.9000600745226,1036.6563250638467
1816,Validation,Switching,253.31439009814378,2521.921650950042,1025.1878788972924
1817,Validation,Switching,249.95515428245437,2549.180814187145,1002.7554311702172
1835,Validation,Switching,252.90426812894242,2515.2513257064893,1051.2794644484277
1836,Validation,Switching,251.1228645551921,2510.838974353366,1019.0376169220809
1837,Validation,Switching,249.08432765606594,2501.182709460237,992.7904674892309
1855,Validation,Switching,253.33656487725563,2520.540098888573,1025.2028674055778
1856,Validation,Switching,250.39399539462033,2523.405032401413,967.3986775901903
1857,Validation,Switching,250.6181873448437,2474.137301655497,1093.0866556463886
1875,Validation,Switching,248.13814372200358,2495.396464654775,1006.5034883000782
1876,Validation,Switching,249.26061476931753,2484.4510412394684,996.4357486158297
1877,Validation,Switching,249.87997074299165,2509.680384806907,944.5264557708808
1895,Validation,Switching,250.45605627837983,2497.421419847745,1021.7021425391073
1896,Validation,Switching,251.011521378431,2508.5535641781316,1019.491843422262
1897,Validation,Switching,250.10607150176943,2470.5603998131614,979.2522053767293
1915,Validation,Switching,250.40279646935429,2496.126077042376,972.6209387035512
1916,Validation,Switching,247.7809913734514,2489.84294218434,1003.3051205463994
1917,Validation,Switching,251.8815925035941,2534.712422390258,998.3635325138764
1935,Validation,Switching,252.66967192052,2519.013639316927,1080.8284433869674
1936,Validation,Switching,246.7038308831504,2478.70825134235,1036.4217108717435
1937,Validation,Switching,253.02247842215544,2525.23560631862,1078.4014475744746
1955,Validation,Switching,248.69923240133235,2484.612279441461,1038.970456149957
1956,Validation,Switching,250.54438507578314,2490.4298613772194,1084.037983128535
1957,Validation,Switching,252.75260044033783,2500.9760092026863,949.3213771659114
1975,Validation,Switching,250.34855543900625,2503.808906000487,978.605397416297
1976,Validation,Switching,250.51163486996592,2523.1118697124853,1059.7641554459092
1977,Validation,Switching,249.45956396928622,2537.152660963561,1085.9394769617998
1995,Validation,Switching,250.63372943830228,2549.5363048833337,1046.0195751094107
1996,Validation,Switching,252.6417423136783,2527.3815462757316,1041.6330067655308
1997,Validation,Switching,252.3504275516601,2478.1666567444813,1007.0375947693185
18,Hidden Test,Lightning,1.1647124130136652,53.11841735694476,1411.7340436296477
19,Hidden Test,Lightning,1.200190841404018,53.38955191989375,1393.0978594253802
20,Hidden Test,Lightning,1.214272283309414,51.60683903090306,1362.1542077752033
38,Hidden Test,Lightning,1.2116387538577071,52.23789056797732,1367.2585977662998
39,Hidden Test,Lightning,1.2420954705075566,52.61964333338396,1428.045975535947
40,Hidden Test,Lightning,1.2227635084767663,51.83054216268095,1515.753516390555
58,Hidden Test,Lightning,1.2334972351599198,52.52036484753474,1373.0148503350624
59,Hidden Test,Lightning,1.1948067524122907,52.87007988932332,1411.9940091921173
60,Hidden Test,Lightning,1.1981413242833525,52.16869582115661,1432.562937335871
78,Hidden Test,Lightning,1.1641008016853556,53.272763406165105,1476.5913843381018
79,Hidden Test,Lightning,1.1991858945130565,53.222459468859284,1469.9392653834386
80,Hidden Test,Lightning,1.2140810107824016,51.904926457587806,1483.4961209816436
98,Hidden Test,Lightning,1.2520023326363499,52.865965047445236,1438.3985762214104
99,Hidden Test,Lightning,1.1598058373896405,51.501910530884686,1363.6221578638235
100,Hidden Test,Lightning,1.255453723304282,52.0049078632147,1418.540370669312
118,Hidden Test,Lightning,1.1589610701256836,52.105323685451076,1509.4411513613854
119,Hidden Test,Lightning,1.181680620114091,52.47855979646989,1482.1748019781714
120,Hidden Test,Lightning,1.1696181428027594,51.13909410630918,1406.2938279608902
138,Hidden Test,Lightning,1.1854691706002534,52.125491155681146,1458.7562789180915
139,Hidden Test,Lightning,1.2056600348037356,53.1422297881732,1432.520231993682
140,Hidden Test,Lightning,1.230746897106553,52.87472312099428,1436.3983132662888
158,Hidden Test,Lightning,1.1925356130660687,52.94923010270922,1413.248295606502
159,Hidden Test,Lightning,1.18905826333993,51.92822683776354,1431.9967402535517
160,Hidden Test,Lightning,1.1792764066417456,51.33517660251367,1415.7651523797074
178,Hidden Test,Lightning,1.2594776829962049,53.327104229560355,1414.2317130696388
179,Hidden Test,Lightning,1.1789778379005877,52.12164925718295,1373.7280526230463
180,Hidden Test,Lightning,1.2363242581124405,53.14805504974922,1426.9127201911704
198,Hidden Test,Lightning,1.2133816998219755,51.713101999905305,1437.1451313116231
199,Hidden Test,Lightning,1.1598088224011631,52.02884127658728,1383.9631067093676
200,Hidden Test,Lightning,1.2335335910379015,51.99251307258447,1428.070750650447
218,Hidden Test,Lightning,1.2107383495098982,52.5101808732152,1429.2620111095653
219,Hidden Test,Lightning,1.210570531660979,52.81223370076641,1369.5136951561042
220,Hidden Test,Lightning,1.1473139985555754,52.04675497687814,1440.0468973076745
238,Hidden Test,Lightning,1.2198232680298517,51.41460204668824,1461.8719285668733
239,Hidden Test,Lightning,1.2204286620678646,51.77285748930453,1447.3480961416499
240,Hidden Test,Lightning,1.2037808067241091,52.33482214087879,1376.0408846225369
258,Hidden Test,Lightning,1.2151906477229057,51.690577603417566,1422.7023290182813
259,Hidden Test,Lightning,1.2398130263021203,52.33842284674931,1400.9345088655498
260,Hidden Test,Lightning,1.2475289132357146,52.85148292975673,1442.5370718510553
278,Hidden Test,Lightning,1.1900047170340824,52.31118549738681,1430.2924096653885
279,Hidden Test,Lightning,1.159234657749107,52.24381436510403,1449.3633335708273
280,Hidden Test,Lightning,1.2390445494804114,53.5012375656806,1464.99002953239
298,Hidden Test,Lightning,1.1914481177641714,52.89201433480483,1450.4735117893108
299,Hidden Test,Lightning,1.2318255808481657,52.268178053056396,1483.3741708207665
300,Hidden Test,Lightning,1.1753289546038457,52.073189698961144,1450.8435523625906
318,Hidden Test,Lightning,1.150039418666329,52.99295386202613,1451.8162844313501
319,Hidden Test,Lightning,1.1633688893950644,52.03830807158471,1377.6582907133222
320,Hidden Test,Lightning,1.226012240497455,52.14597999422237,1444.2268450603935
338,Hidden Test,Lightning,1.2743370087266994,53.073299466243355,1424.942550028888
339,Hidden Test,Lightning,1.1903434098026031,51.88002897630547,1467.9085772934354
340,Hidden Test,Lightning,1.2549488089610885,52.071975487371404,1484.2100627200962
358,Hidden Test,Lightning,1.2413629244245123,51.864098821833394,1429.2465088103852
359,Hidden Test,Lightning,1.2778116618443076,52.75761434273633,1399.556044575993
360,Hidden Test,Lightning,1.2469588549711896,51.613887785699546,1470.8517115753853
378,Hidden Test,Lightning,1.1669288112896234,52.1567378673077,1426.4356427349894
379,Hidden Test,Lightning,1.1835800075123775,52.66880427619075,1365.6721216516162
380,Hidden Test,Lightning,1.21370608196237,52.10272562504822,1364.9599826927094
398,Hidden Test,Lightning,1.1619708625639116,52.0629165985313,1455.1413790739764
399,Hidden Test,Lightning,1.1861572621907246,52.441813452353735,1417.3093213222703
400,Hidden Test,Lightning,1.1603144240197252,52.77708169171987,1427.6706921044517
418,Hidden Test,Lightning,1.1392739267217111,52.25825793227175,1451.345856127442
419,Hidden Test,Lightning,1.191339335264888,52.76296187592117,1386.1263393513138
420,Hidden Test,Lightning,1.1851055751017299,52.90467026638209,1471.9790854107382
438,Hidden Test,Lightning,1.2215818353956733,52.92288819754668,1479.836623798383
439,Hidden Test,Lightning,1.1502287448288624,52.78179719157704,1469.5117121724666
440,Hidden Test,Lightning,1.2454390217716276,51.69355860170003,1450.0689535517042
458,Hidden Test,Lightning,1.2496220244921254,51.940590651228526,1395.9870493907665
459,Hidden Test,Lightning,1.2262041902679819,52.95170171938429,1353.895266391351
460,Hidden Test,Lightning,1.185735444556042,52.27081790690691,1461.5938775133739
478,Hidden Test,Lightning,1.2164387483206693,51.32424563227072,1511.1729904370623
479,Hidden Test,Lightning,1.168605443210541,51.24195804384029,1457.59391141277
480,Hidden Test,Lightning,1.231559678498529,51.83817356607252,1459.8258585426922
498,Hidden Test,Lightning,1.1565514903120642,52.60424890979311,1367.56305963628
499,Hidden Test,Lightning,1.1640654487245534,52.071097706971536,1482.758988489615
500,Hidden Test,Lightning,1.1645933075655686,51.95783113155288,1428.96700841945
518,Hidden Test,Lightning,1.2467647125005341,52.17158540125163,1339.52614092723
519,Hidden Test,Lightning,1.14652961125706,52.38224660528737,1428.508751655785
520,Hidden Test,Lightning,1.172327150277908,53.017158569760596,1355.6461867725332
538,Hidden Test,Lightning,1.1880250831116375,51.58216100268069,1411.6466629136858
539,Hidden Test,Lightning,1.2423132969089998,52.56851753693652,1377.0969115629407
540,Hidden Test,Lightning,1.199152122495203,52.39953346071965,1438.4124655953808
558,Hidden Test,Lightning,1.2516979421655452,52.44244972046663,1476.356257324478
559,Hidden Test,Lightning,1.1671717251768314,53.44517043660136,1372.399322031576
560,Hidden Test,Lightning,1.2497223053166493,51.657753917421566,1465.0667125276589
578,Hidden Test,Lightning,1.2240327717931891,52.91432802267208,1382.7709226652948
579,Hidden Test,Lightning,1.1573015894311895,52.26243456178408,1413.2962604137922
580,Hidden Test,Lightning,1.2044427202834849,52.039386552363545,1488.3552669764345
598,Hidden Test,Lightning,1.231158265614647,52.37777302594538,1387.6188628466816
599,Hidden Test,Lightning,1.221590351739437,52.014318994985686,1386.0305554145496
600,Hidden Test,Lightning,1.1790429721897446,51.725042134437,1401.0661164838016
618,Hidden Test,Lightning,1.2098745890625782,52.36570918636785,1367.5490094998443
619,Hidden Test,Lightning,1.2256195011417215,52.2418496657238,1471.71765359924
620,Hidden Test,Lightning,1.2330631724172474,52.752114437579806,1450.8602976016691
638,Hidden Test,Lightning,1.233066578131918,52.32260388938793,1428.219790994815
639,Hidden Test,Lightning,1.2043492516837642,52.96995034477743,1448.8569917498444
640,Hidden Test,Lightning,1.2091411194560338,52.26868917203749,1371.0641348627014
658,Hidden Test,Lightning,1.2083968935340181,52.175368269395925,1356.845482377528
659,Hidden Test,Lightning,1.2674344117334964,51.940969724380565,1487.1722817066798
660,Hidden Test,Lightning,1.2311747099716879,52.722040710537804,1378.9167781683543
678,Hidden Test,Lightning,1.2489259703132307,52.73864379748393,1462.3319211072842
679,Hidden Test,Lightning,1.265779213319931,51.94941214225048,1444.5422265838265
680,Hidden Test,Lightning,1.1755004778870666,52.04447353143289,1363.4274221339545
698,Hidden Test,Lightning,1.1908769273243434,52.30742670838337,1414.9667728246302
699,Hidden Test,Lightning,1.1634464010930468,52.887559191241834,1463.203619691574
700,Hidden Test,Lightning,1.2251393322444115,52.70780856206457,1466.9657294756414
718,Hidden Test,Lightning,1.1545397895518796,51.79042300393814,1489.0119132287264
719,Hidden Test,Lightning,1.237605307946815,51.63987549323931,1439.3300968532435
720,Hidden Test,Lightning,1.2433496856213098,52.020836999975806,1442.0925632775638
738,Hidden Test,Lightning,1.2420771252906742,51.57349119245922,1437.1811037878897
739,Hidden Test,Lightning,1.233696843339736,52.77607412735319,1412.2583473256382
740,Hidden Test,Lightning,1.2329502230317146,52.44745905392823,1489.0641543131426
758,Hidden Test,Lightning,1.1697313533924694,51.647827944213034,1379.0452586309993
759,Hidden Test,Lightning,1.1616470237051957,52.34804287448852,1472.511390503271
760,Hidden Test,Lightning,1.17820827906325,53.03371994449539,1352.744161419296
778,Hidden Test,Lightning,1.219534435375156,51.53205169252202,1370.8109647366264
779,Hidden Test,Lightning,1.1889454621896716,51.49121411250095,1501.8937676020907
780,Hidden Test,Lightning,1.239494330501081,52.9065166636362,1441.6430545479584
798,Hidden Test,Lightning,1.1690527631655088,51.65106511059496,1437.9524056933271
799,Hidden Test,Lightning,1.1718175914126887,52.283254200924254,1355.1183056042644
800,Hidden Test,Lightning,1.1996015685477273,53.00846151351223,1478.7261699212595
818,Hidden Test,Lightning,1.1426408115869877,52.0364113929691,1474.258067200718
819,Hidden Test,Lightning,1.1940190298584938,51.721270158137315,1490.69730305977
820,Hidden Test,Lightning,1.1500207103383757,52.163598938552596,1479.005798047289
838,Hidden Test,Lightning,1.2415143220446996,53.0614817064222,1425.6359288241151
839,Hidden Test,Lightning,1.1605686492562557,52.213633468212755,1456.967253261126
840,Hidden Test,Lightning,1.1993106197396783,51.882150591482265,1506.7336577665717
858,Hidden Test,Lightning,1.151994968096648,51.97479788362474,1436.856408516492
859,Hidden Test,Lightning,1.2420835920931788,52.471528238371114,1460.8460956938573
860,Hidden Test,Lightning,1.1988105152819375,52.61160513557138,1457.0159671762015
878,Hidden Test,Lightning,1.1806780609080088,52.802151897309024,1425.0337628361658
879,Hidden Test,Lightning,1.2162959846625219,51.901751707927524,1489.9280295303415
880,Hidden Test,Lightning,1.1627684829855525,53.00609031450426,1475.2436188885088
898,Hidden Test,Lightning,1.2797163221952381,53.37686162646831,1477.0148936468056
899,Hidden Test,Lightning,1.2256052748409154,52.41347640916712,1418.3923968433865
900,Hidden Test,Lightning,1.150444287750278,51.786905183468065,1462.9640736002148
918,Hidden Test,Lightning,1.1544982931205505,51.96659680063445,1367.6877904382031
919,Hidden Test,Lightning,1.180704356249406,51.67326581027611,1384.4513490755487
920,Hidden Test,Lightning,1.1474642543523719,51.46305768582792,1448.5313884301245
938,Hidden Test,Lightning,1.2431349031634757,52.28668808071995,1440.418125807506
939,Hidden Test,Lightning,1.2458631506380244,53.342547071352314,1488.4211440400184
940,Hidden Test,Lightning,1.2222703240231434,52.80555933659308,1403.4446662783917
958,Hidden Test,Lightning,1.174961579980585,52.68530003302922,1399.1473070594507
959,Hidden Test,Lightning,1.1833601972353056,52.3814251207579,1381.3036887120068
960,Hidden Test,Lightning,1.2389851863132622,52.73499434872757,1388.7276554074442
978,Hidden Test,Lightning,1.222310074602305,51.8219963759376,1349.574374605126
979,Hidden Test,Lightning,1.1931675802457882,52.73019149460073,1426.2426467125413
980,Hidden Test,Lightning,1.1800380796066787,51.647528605861424,1450.3831933946087
998,Hidden Test,Lightning,1.186407206491902,53.017776670726455,1401.0813370212552
999,Hidden Test,Lightning,1.2245811610152826,51.29512787666421,1360.5114609384905
1000,Hidden Test,Lightning,1.1749692071741513,52.112630858567385,1379.1365844665181
1018,Hidden Test,Switching,249.705312542864,2540.7909472831952,965.1644624334866
1019,Hidden Test,Switching,253.0289801488992,2515.577219893542,1096.2424379799652
1020,Hidden Test,Switching,249.281004489708,2551.4146146037465,1084.6064379734573
1038,Hidden Test,Switching,252.25258611273534,2528.2759226485773,995.9203840056191
1039,Hidden Test,Switching,250.7882114070319,2488.4288816775206,1096.374554265632
1040,Hidden Test,Switching,251.36580020742787,2498.2649723904615,956.4243293790421
1058,Hidden Test,Switching,250.1599946755738,2496.028651725436,1083.865393788249
1059,Hidden Test,Switching,249.9144482715089,2463.3274879398637,1030.5575584414141
1060,Hidden Test,Switching,251.05068438619423,2504.5153568111987,1057.464663276942
1078,Hidden Test,Switching,249.54818379385827,2510.9988444559217,974.0160642856979
1079,Hidden Test,Switching,253.057038167187,2528.508737818583,1008.8280767475513
1080,Hidden Test,Switching,252.3393253876633,2513.6095770243796,1002.3915160070661
1098,Hidden Test,Switching,247.4553220975489,2507.8930859240218,991.6267374168417
1099,Hidden Test,Switching,249.6637380929476,2464.5696063438068,1101.9305432127323
1100,Hidden Test,Switching,250.31904422501998,2461.861634032604,1051.669686445557
1118,Hidden Test,Switching,248.8043635256956,2506.202853206258,1037.4918314771264
1119,Hidden Test,Switching,249.00968639576539,2496.6064948671997,1051.6165274218795
1120,Hidden Test,Switching,253.97631076450247,2513.3245243199244,957.6046601488526
1138,Hidden Test,Switching,251.686296720146,2518.5452555846587,978.3275091890914
1139,Hidden Test,Switching,252.10518173925018,2529.4958085099975,1022.4613240379774
1140,Hidden Test,Switching,252.6873857044131,2513.266212349442,1001.016792882359
1158,Hidden Test,Switching,250.79715786590364,2497.9660450695997,1031.8585382962815
1159,Hidden Test,Switching,249.3694380707025,2475.890887452028,991.9271426528123
1160,Hidden Test,Switching,251.3385845963359,2504.152232424617,1072.0448943669653
1178,Hidden Test,Switching,251.34653229024414,2469.586333059534,1026.5726736469717
1179,Hidden Test,Switching,250.72545315165468,2531.24875734008,934.9231210798132
1180,Hidden Test,Switching,250.02136863965174,2466.8807320094197,1092.6694634760934
1198,Hidden Test,Switching,249.2729903907817,2518.0745762765623,1050.8077214981595
1199,Hidden Test,Switching,249.3694378098362,2470.116627237334,951.1027380907286
1200,Hidden Test,Switching,248.87455534202152,2522.8203083650337,993.2238563302285
1218,Hidden Test,Switching,248.9479593028768,2505.287107492214,1017.4705183847302
1219,Hidden Test,Switching,248.51333457802852,2492.3315539221903,1063.7220444344173
1220,Hidden Test,Switching,250.26695297304028,2509.3642329557183,1018.4888015183195
1238,Hidden Test,Switching,252.26871809027378,2486.060586585084,1031.4646461447974
1239,Hidden Test,Switching,252.1155638607219,2520.980609838172,1074.7787659399276
1240,Hidden Test,Switching,248.10404502887084,2480.3010554691805,1067.611837721353
1258,Hidden Test,Switching,249.74358218532106,2542.162685835649,967.9137202861792
1259,Hidden Test,Switching,250.67140445681855,2525.5717947647245,1045.2004996888215
1260,Hidden Test,Switching,249.78524328516855,2504.9772261971875,1032.9933798447726
1278,Hidden Test,Switching,249.81524776828425,2492.913888161124,1084.3229056173166
1279,Hidden Test,Switching,248.42804773308765,2483.6259821583003,957.1910111742498
1280,Hidden Test,Switching,250.65811630113097,2511.611964034743,1000.0092753779218
1298,Hidden Test,Switching,253.0365496115512,2519.0595097622777,951.8400284421587
1299,Hidden Test,Switching,249.25116761447975,2478.79767825901,1084.0420171350024
1300,Hidden Test,Switching,249.8001620615953,2494.203052948728,1016.4796624299343
1318,Hidden Test,Switching,248.63975478486668,2514.107297255101,1048.5777768624187
1319,Hidden Test,Switching,250.8214971501088,2522.6037020219665,1014.0299314594184
1320,Hidden Test,Switching,250.31973216951246,2486.1709406971167,1103.9674975994103
1338,Hidden Test,Switching,249.7329814839717,2489.9702853661183,992.7554667281389
1339,Hidden Test,Switching,251.06709598260912,2532.873977583174,1055.2022458290476
1340,Hidden Test,Switching,252.596217615303,2511.9825703181427,1051.4210750326401
1358,Hidden Test,Switching,250.49279864748888,2473.0973205108585,966.6476343123503
1359,Hidden Test,Switching,246.92872719585964,2489.0296663753143,1081.0478347760263
1360,Hidden Test,Switching,249.7294256515838,2519.5496706068034,1011.641484634597
1378,Hidden Test,Switching,249.64362584197667,2483.2869721839807,1041.465223174549
1379,Hidden Test,Switching,249.23905138019265,2515.8711602679678,959.8336241017926
1380,Hidden Test,Switching,251.6156447107865,2531.3232908534014,1099.902436310706
1398,Hidden Test,Switching,250.5040211321448,2513.7549814886897,1031.377895162565
1399,Hidden Test,Switching,253.80661860261694,2518.677786531449,1004.5898479207366
1400,Hidden Test,Switching,250.68672657180008,2498.6171845936738,1080.1377957847608
1418,Hidden Test,Switching,246.94426378318695,2477.6157527946034,1041.6069844028716
1419,Hidden Test,Switching,248.98644760169125,2470.504316615244,1087.4642775348204
1420,Hidden Test,Switching,252.60436189999058,2503.669810861792,1048.3726889823706
1438,Hidden Test,Switching,250.34020024140727,2502.0758245392885,1038.599317342528
1439,Hidden Test,Switching,249.0328596394173,2527.223495462053,1054.297586267713
1440,Hidden Test,Switching,250.68539569074463,2498.8754613678952,1062.1973991074465
1458,Hidden Test,Switching,249.13636519961952,2521.072630111312,969.2363175527071
1459,Hidden Test,Switching,249.4010639954816,2533.2677563732577,1007.2299927081276
1460,Hidden Test,Switching,250.4710495374809,2514.3092153515204,951.2974787084844
1478,Hidden Test,Switching,248.11436504963063,2458.078775340035,1057.0707984737935
1479,Hidden Test,Switching,251.7770869269506,2530.7253690070356,992.765911133612
1480,Hidden Test,Switching,249.03914264988546,2504.967967176595,1012.3625476607416
1498,Hidden Test,Switching,249.63716246286032,2504.3158069263964,1007.3118218723814
1499,Hidden Test,Switching,252.43500694954838,2506.3405313905682,1020.1001110394296
1500,Hidden Test,Switching,248.01334780323333,2487.660467658398,1045.74744311362
1518,Hidden Test,Switching,252.21977254348155,2523.730116948403,1004.611765910562
1519,Hidden Test,Switching,250.30102174759975,2530.032603584712,1050.7556624221643
1520,Hidden Test,Switching,250.4709793664888,2501.590290464372,994.4650022979251
1538,Hidden Test,Switching,249.00470636378023,2505.9558214363906,955.0868989983392
1539,Hidden Test,Switching,248.2841764613024,2498.0571814426917,1096.224025188079
1540,Hidden Test,Switching,250.04271512994973,2496.8315452034403,967.279514868725
1558,Hidden Test,Switching,248.76899507995157,2507.713804107613,969.2615933174625
1559,Hidden Test,Switching,248.39233395354753,2519.1602974637362,1007.3592186863366
1560,Hidden Test,Switching,252.9235590942698,2510.730271344629,975.9349011947513
1578,Hidden Test,Switching,252.40351553582875,2503.196442972336,1035.9509007433508
1579,Hidden Test,Switching,249.31864572109507,2502.876435635861,1003.396535016592
1580,Hidden Test,Switching,249.94070204928653,2492.9525576109813,1049.996878235386
1598,Hidden Test,Switching,253.77843260646392,2539.307030648198,1081.8846846932295
1599,Hidden Test,Switching,250.1028795311673,2507.2054842605326,942.1890434952567
1600,Hidden Test,Switching,248.8003476025912,2465.74700053751,994.7195003916719
1618,Hidden Test,Switching,248.5804627764138,2496.3004323612117,996.803430168875
1619,Hidden Test,Switching,251.74561856347373,2502.983206162629,1102.5924757498183
1620,Hidden Test,Switching,251.59777916436377,2527.909862632822,971.1024493393139
1638,Hidden Test,Switching,251.10212234042282,2492.4093599484913,1054.7648186135418
1639,Hidden Test,Switching,247.44920335862102,2489.188213338431,1087.7837550128831
1640,Hidden Test,Switching,251.15932895612073,2502.1240514560277,987.3119565178628
1658,Hidden Test,Switching,248.73778840348064,2492.572395723524,1023.9068071705725
1659,Hidden Test,Switching,249.97928547799174,2530.4644945592695,1008.3640100821502
1660,Hidden Test,Switching,249.54055780079005,2501.753901033219,1014.103305780257
1678,Hidden Test,Switching,249.44175030392373,2481.826578664751,999.3768247377457
1679,Hidden Test,Switching,251.91719620052018,2524.856204417019,951.1636501351356
1680,Hidden Test,Switching,252.08833366868754,2512.5506675528413,990.656050291549
1698,Hidden Test,Switching,248.78250286740843,2487.0847899856158,1086.264482530399
1699,Hidden Test,Switching,249.209429190361,2509.23139412305,1016.4478249715767
1700,Hidden Test,Switching,250.3059518962585,2477.754855510045,961.7910622054817
1718,Hidden Test,Switching,252.18987011496873,2515.5324467575138,993.0938696641537
1719,Hidden Test,Switching,250.98758714394,2498.98213125305,1044.1357364732742
1720,Hidden Test,Switching,248.37041287360842,2499.2058688576603,978.2804228088227
1738,Hidden Test,Switching,252.7766181167289,2530.231107801403,1047.5066363321316
1739,Hidden Test,Switching,250.62120829876977,2495.105886115351,1033.0609702757552
1740,Hidden Test,Switching,247.53290531050553,2477.763642857852,1037.2995504105832
1758,Hidden Test,Switching,249.08985785612828,2508.1730282209537,1039.2050445131324
1759,Hidden Test,Switching,253.06290327984917,2519.2299180378236,1006.6717837944769
1760,Hidden Test,Switching,249.67909124853503,2529.3127994132074,948.2499871556231
1778,Hidden Test,Switching,252.0740986778903,2510.168674794224,984.4816544705825
1779,Hidden Test,Switching,249.76148705217577,2495.589210323137,1065.6488997902038
1780,Hidden Test,Switching,253.45456383130252,2529.5111965919564,952.2762314160365
1798,Hidden Test,Switching,248.59090937824146,2501.960522586916,951.1380093582294
1799,Hidden Test,Switching,250.48552686426322,2516.946033503564,1090.2949989717645
1800,Hidden Test,Switching,248.30576642741931,2473.7969560467154,950.8514638202001
1818,Hidden Test,Switching,248.35977548436722,2513.7015822715935,992.5036971764833
1819,Hidden Test,Switching,249.59575533704376,2481.431125457784,974.4011990209792
1820,Hidden Test,Switching,250.42644894529056,2496.122818005148,1019.3042913771324
1838,Hidden Test,Switching,250.1270289967353,2494.3504966530286,991.9375590954155
1839,Hidden Test,Switching,250.53556841028242,2530.33384097702,940.2001537720182
1840,Hidden Test,Switching,250.74256841002946,2514.263486253399,959.7471548203224
1858,Hidden Test,Switching,248.92664480874737,2481.869895077203,967.2646969065389
1859,Hidden Test,Switching,248.327997565065,2474.3793323500086,1051.6025149753941
1860,Hidden Test,Switching,251.5168681214206,2530.600791552022,964.0582454791994
1878,Hidden Test,Switching,249.64666576944808,2513.73763853647,964.1617019945386
1879,Hidden Test,Switching,248.80770253831815,2490.560169932592,1030.2392695491806
1880,Hidden Test,Switching,250.79800801903838,2507.9859224140746,1021.0094574067433
1898,Hidden Test,Switching,252.29131125059686,2509.210312409447,1072.145058837915
1899,Hidden Test,Switching,248.87160926675026,2521.5579858302326,1043.6871587942205
1900,Hidden Test,Switching,248.9423439734222,2499.9947767368235,974.3949015433913
1918,Hidden Test,Switching,249.45259406790132,2493.0011947611392,1021.3496874880908
1919,Hidden Test,Switching,249.3303646965766,2548.918854164721,951.9714161794475
1920,Hidden Test,Switching,249.1445449573646,2486.507760572613,1066.1744528697488
1938,Hidden Test,Switching,248.6273083323527,2529.7437921452743,1008.3518334302662
1939,Hidden Test,Switching,249.86452717609092,2507.8303841038237,1056.59214530784
1940,Hidden Test,Switching,249.67692603551242,2534.3175961206184,1077.2438778277387
1958,Hidden Test,Switching,253.1292132595641,2512.5921261694834,1016.2569000031327
1959,Hidden Test,Switching,248.3317964509367,2475.308300601787,945.8092366848911
1960,Hidden Test,Switching,252.68636529951928,2506.1297843050293,998.0855920314604
1978,Hidden Test,Switching,251.02803710849037,2506.309761380691,1067.5226855144442
1979,Hidden Test,Switching,251.41421963141812,2507.0501205684777,1009.1787307915821
1980,Hidden Test,Switching,249.8168430367084,2505.6105200707907,1080.7163960920584
1998,Hidden Test,Switching,249.47404518414038,2474.4336380898426,1086.673580017268
1999,Hidden Test,Switching,247.9312789846376,2475.37091661383,970.1822056233151
2000,Hidden Test,Switching,254.0207527005403,2503.778244117481,1082.8141715792233
