type,column,min,p05,median,p95,max,mean,std,unique,missing,coefficient_variation,dominant_fraction
Lightning,Test_kV,1350.0007481197827,1358.419656936312,1427.9643984453287,1493.1105247564847,1499.6580671751872,1426.2280050646048,43.19388732365632,1000,0,0.03028540119130513,0.001
Lightning,Load_C_pF,600.6340376799926,637.8264977555955,930.3934286290314,1214.9229535943596,1249.0749789401889,926.6915480309632,186.37842242322367,1000,0,0.20112239376655702,0.001
Lightning,Divider_C_pF,350.1372819766402,369.79413783177733,540.925921080634,728.9898758428171,749.5681126601994,546.1110285017639,115.54973990460229,1000,0,0.21158653437490332,0.001
Lightning,Stray_C_pF,80.04222092684358,93.71736064029392,201.12005951348692,314.5855772262439,329.87657193560153,204.8400548498612,71.76000488199112,1000,0,0.3503221327224701,0.001
Lightning,L_uH,8.023759151343256,9.090642330679112,19.042620268883184,28.761269652284682,29.97859715623781,19.02780433989875,6.295622225323538,1000,0,0.3308643558060172,0.001
Lightning,Efficiency,0.79008695616154,0.794152670538635,0.825549466299126,0.8569606086655986,0.8598214949737304,0.8256820716309641,0.020342154774646525,1000,0,0.024636788751467992,0.001
Lightning,Stages,8.0,9.0,9.0,10.0,10.0,9.138,0.40388008012170984,3,0,0.044197863878497466,0.818
Lightning,Charge_kV_Stage,177.83080515556412,180.17680775549482,188.99180245548195,198.87403336289807,199.96631259070142,189.27285360974443,6.0004411211103825,1000,0,0.03170259763443149,0.001
Lightning,Front_R_Stage,30.0,35.0,45.0,60.0,65.0,44.13,7.563088013523339,8,0,0.1713820080109526,0.251
Lightning,Tail_R_Stage,25.0,25.0,25.0,25.0,25.0,25.0,0.0,1,0,0.0,1.0
Lightning,Physics_FrontPeak_us,1.1267987573160905,1.1480116324624363,1.1991667107351964,1.2532934834785172,1.2812340594999916,1.1999817258883803,0.03359450321580448,1000,0,0.02799584567917776,0.001
Lightning,Physics_Tail_us,52.1516074998122,52.175594614051136,52.23921380287763,52.307302329185156,52.35008942507103,52.240630645729496,0.03928710259633546,1000,0,0.0007520411241349946,0.001
Lightning,Physics_Crest_kV,1350.0007481197827,1358.419656936312,1427.9643984453287,1493.1105247564847,1499.6580671751872,1426.2280050646048,43.19388732365632,1000,0,0.03028540119130513,0.001
Lightning,Observed_FrontPeak_us,1.129098473553004,1.1479242022366614,1.1989345665208786,1.2589783338461886,1.2881083613857895,1.20149186088799,0.03467807655273341,1000,0,0.028862514746545002,0.001
Lightning,Observed_Tail_us,50.397728029340215,50.91785745325677,52.306055519355965,53.68765862291538,54.145587887111695,52.324498067131415,0.8179184862361456,1000,0,0.01563165470190981,0.001
Lightning,Observed_Crest_kV,1326.4353315905228,1354.7635091761317,1427.261308173107,1493.885423617659,1525.6079272109835,1424.0647129531144,44.671286352536875,1000,0,0.031368859818105485,0.001
Lightning,Residual_FrontPeak,-0.023623856882388772,-0.014195039408581378,0.0017255534442063292,0.01794657357007095,0.027375855026930518,0.0015101349996098905,0.009907274675761092,1000,0,6.560522521708598,0.001
Lightning,Residual_Tail,-1.7793604038218902,-1.2802293364243353,0.06775398380944964,1.3977075668253212,1.880579259581367,0.08386742140192546,0.799418384420907,1000,0,9.53192993247976,0.001
Lightning,Residual_Crest,-31.34129959888878,-21.712125272947198,-2.0906681426281466,16.326982531837295,28.122174725756622,-2.1632921114904993,11.130709197179645,1000,0,5.14526408063802,0.001
Switching,Test_kV,950.2959176432341,956.041665917146,1022.1470973338,1090.9796107449802,1099.9582600779831,1022.7553610134404,42.95100694797642,1000,0,0.041995386761323444,0.001
Switching,Load_C_pF,600.0713513232768,638.4212124440819,936.5747860691044,1213.7454203749076,1248.4323899494484,929.1214022801723,187.02805297147918,1000,0,0.2012956030422833,0.001
Switching,Divider_C_pF,350.5392773076892,372.35088645480573,555.9979164972901,729.3660511448979,748.6888266168535,553.8920530471951,113.39136409105812,1000,0,0.20471744172396794,0.001
Switching,Stray_C_pF,80.49884809413925,93.82021032040939,199.11226977827027,318.04614506079815,329.9066849704832,204.5159822020214,71.18394600987261,1000,0,0.34806055372023165,0.001
Switching,L_uH,8.066968023311347,9.294448400195687,18.518583634169772,28.677712746616454,29.994382478762418,18.849679534358902,6.268117342377889,1000,0,0.33253177227509156,0.001
Switching,Efficiency,0.7900192660861649,0.7936148645721841,0.8250297000771389,0.8569297272141557,0.8599677245062777,0.8243331677718554,0.020778832805080652,1000,0,0.02520683822688481,0.001
Switching,Stages,6.0,6.0,7.0,7.0,7.0,6.727,0.4457237593730805,2,0,0.0662589206738636,0.727
Switching,Charge_kV_Stage,171.45690088307038,172.76696196827024,184.58106890706443,198.49262087155503,199.99313260274985,184.93991211307264,8.21786011582542,1000,0,0.0444352980485954,0.001
Switching,Front_R_Stage,9370.0,10569.25,13170.0,17491.0,21810.0,13504.42,2153.497751604625,743,0,0.15946614157473074,0.004
Switching,Tail_R_Stage,1195.0,1195.0,1200.0,1200.0,1200.0,1198.75,2.166146853791818,2,0,0.0018070046746959901,0.75
Switching,Physics_FrontPeak_us,249.93836118409126,249.95517915223164,250.00093370376408,250.04210319754134,250.06107544326397,249.99991270515136,0.027466074165451746,1000,0,0.00010986433502416897,0.001
Switching,Physics_Tail_us,2494.7950864786994,2495.0871534217968,2503.2865791758945,2504.9440333170337,2505.214443124026,2501.6294413549213,3.5897853011769607,1000,0,0.001434978834927957,0.001
Switching,Physics_Crest_kV,950.2959176432341,956.041665917146,1022.1470973338,1090.9796107449802,1099.9582600779831,1022.7553610134404,42.95100694797642,1000,0,0.041995386761323444,0.001
Switching,Observed_FrontPeak_us,244.13546737734217,246.60184490181317,250.37822464790537,254.37753387037316,256.4382981789241,250.43389290343433,2.3451989933048183,1000,0,0.009364543137973387,0.001
Switching,Observed_Tail_us,2430.434672832674,2452.25936888409,2504.5961462302903,2555.7332225176774,2579.5341878185936,2504.2616602171856,31.271429959217834,1000,0,0.012487285356796851,0.001
Switching,Observed_Crest_kV,936.645318869776,953.847865346681,1018.8651231332917,1091.1469641204194,1114.355858589029,1021.2753032016033,43.90140950476595,1000,0,0.042986851211557854,0.001
Switching,Residual_FrontPeak,-5.8406279723646435,-3.3899342087943736,0.36818100051972635,4.366830479528763,6.4922817939474555,0.43398019828291884,2.3451069634430746,1000,0,5.403718816484481,0.001
Switching,Residual_Tail,-72.42059848693225,-50.57472970758456,3.079116093489347,57.01805756250141,74.42692949668299,2.6322188622642795,32.04148889157502,1000,0,12.172805746104405,0.001
Switching,Residual_Crest,-22.651877454733267,-15.135144770107638,-1.553867730081265,11.62328171469392,20.816427349550395,-1.4800578118371461,8.070443853935574,1000,0,5.452789606858669,0.001
