,Test_kV,Load_C_pF,Divider_C_pF,Stray_C_pF,L_uH,Efficiency,Stages,Charge_kV_Stage,Front_R_Stage,Tail_R_Stage,Physics_FrontPeak_us,Physics_Tail_us,Physics_Crest_kV,Observed_FrontPeak_us,Observed_Tail_us,Observed_Crest_kV,Residual_FrontPeak,Residual_Tail,Residual_Crest
Test_kV,1.0,-0.028933000933000934,-0.013136437136437137,0.00522992922992923,-0.007178755178755178,-0.048073860073860074,0.6672721324603272,-0.05271098871098871,-0.25963633132594516,-0.1833920916960688,0.03222419622419623,-0.01543995943995944,1.0,-0.02240932640932641,-0.017666657666657665,0.9838891918891919,-0.02233904233904234,-0.006339306339306339,0.01869069069069069
Load_C_pF,-0.028933000933000934,1.0,-0.04826869226869227,0.04014947214947215,0.036193392193392196,-0.030238338238338238,-0.00541581015164824,-0.001506877506877507,-0.7238483166969367,-0.5534482767242076,-0.004612792612792613,-0.10631672231672232,-0.028933000933000934,0.39478082278082277,0.5303255903255903,-0.11538707538707539,0.39452417852417854,0.5646366246366247,-0.49282183282183284
Divider_C_pF,-0.013136437136437137,-0.04826869226869227,1.0,0.002531714531714532,-0.008024288024288024,-0.013862053862053862,0.0034018907987740203,-0.010828186828186828,-0.39067602472391927,-0.31020015510011634,0.009818037818037818,-0.07462671862671863,-0.013136437136437137,0.2081107961107961,-0.02584032184032184,-0.057183249183249185,0.20853066453066452,-0.0006168366168366169,-0.22172263772263773
Stray_C_pF,0.00522992922992923,0.04014947214947215,0.002531714531714532,1.0,-0.07197794397794398,0.0116013836013836,-0.005291398145293076,0.0059776739776739776,-0.28664940580823967,-0.19634409817207363,-0.0021637101637101636,-0.007893055893055893,0.00522992922992923,0.22750605550605552,0.002204174204174204,-0.01829037029037029,0.22714143514143514,0.015277335277335278,-0.13014459414459414
L_uH,-0.007178755178755178,0.036193392193392196,-0.008024288024288024,-0.07197794397794398,1.0,0.00015006015006015005,-0.00044710564783887125,-0.0049618729618729615,0.0012559648121061784,0.014928007464005598,0.04326693126693127,0.021214305214305215,-0.007178755178755178,-0.40851912051912054,0.0035436995436995437,-0.1246006246006246,-0.40920493320493323,0.0021194181194181196,-0.6725511125511126
Efficiency,-0.048073860073860074,-0.030238338238338238,-0.013862053862053862,0.0116013836013836,0.00015006015006015005,1.0,-0.40819968072649226,0.018374754374754373,0.20300067451866607,0.14660007330005498,-0.0019867699867699867,0.016893736893736893,-0.048073860073860074,0.016564804564804563,-0.02228077028077028,-0.04594156594156594,0.01689016089016089,-0.03258923658923659,0.012704520704520704
Stages,0.6672721324603272,-0.00541581015164824,0.0034018907987740203,-0.005291398145293076,-0.00044710564783887125,-0.40819968072649226,1.0,-0.6821782459717554,-0.4316674302620474,-0.2915904940995596,-0.005369155649265054,-0.005719064417138953,0.6672721324603272,-0.044154598630487485,0.002531006754287871,0.6550486528359324,-0.04385912011539397,0.021892625243310294,-0.002787606517395397
Charge_kV_Stage,-0.05271098871098871,-0.001506877506877507,-0.010828186828186828,0.0059776739776739776,-0.0049618729618729615,0.018374754374754373,-0.6821782459717554,1.0,0.30669935670009507,0.19404809702407277,0.04085036885036885,-0.01560927960927961,-0.05271098871098871,0.036977436977436974,-0.007707655707655707,-0.050316314316314316,0.03637402837402837,-0.021114249114249115,0.015146475146475146
Front_R_Stage,-0.25963633132594516,-0.7238483166969367,-0.39067602472391927,-0.28664940580823967,0.0012559648121061784,0.20300067451866607,-0.4316674302620474,0.30669935670009507,1.0,0.7500013042534022,-0.0027120180722105458,0.12500375788350987,-0.25963633132594516,-0.4237947428767546,-0.3827220889150509,-0.16605818380440102,-0.42376522881067263,-0.43468702326457875,0.4963969514331553
Tail_R_Stage,-0.1833920916960688,-0.5534482767242076,-0.31020015510011634,-0.19634409817207363,0.014928007464005598,0.14660007330005498,-0.2915904940995596,0.19404809702407277,0.7500013042534022,1.0,0.037696018848014136,0.7500003750002813,-0.1833920916960688,-0.3026001513001135,-0.24429612214809163,-0.11309605654804242,-0.30308815154411367,-0.34116017058012793,0.3768081884041413
Physics_FrontPeak_us,0.03222419622419623,-0.004612792612792613,0.009818037818037818,-0.0021637101637101636,0.04326693126693127,-0.0019867699867699867,-0.005369155649265054,0.04085036885036885,-0.0027120180722105458,0.037696018848014136,1.0,0.05992533592533592,0.03222419622419623,0.006093750093750094,0.035774627774627775,0.0294000534000534,-0.005004617004617005,0.029492189492189493,-0.005921501921501922
Physics_Tail_us,-0.01543995943995944,-0.10631672231672232,-0.07462671862671863,-0.007893055893055893,0.021214305214305215,0.016893736893736893,-0.005719064417138953,-0.01560927960927961,0.12500375788350987,0.7500003750002813,0.05992533592533592,1.0,-0.01543995943995944,-0.03013864213864214,0.016357420357420358,-0.0035814035814035815,-0.030907566907566908,-0.07697720897720897,0.06875949275949277
Physics_Crest_kV,1.0,-0.028933000933000934,-0.013136437136437137,0.00522992922992923,-0.007178755178755178,-0.048073860073860074,0.6672721324603272,-0.05271098871098871,-0.25963633132594516,-0.1833920916960688,0.03222419622419623,-0.01543995943995944,1.0,-0.02240932640932641,-0.017666657666657665,0.9838891918891919,-0.02233904233904234,-0.006339306339306339,0.01869069069069069
Observed_FrontPeak_us,-0.02240932640932641,0.39478082278082277,0.2081107961107961,0.22750605550605552,-0.40851912051912054,0.016564804564804563,-0.044154598630487485,0.036977436977436974,-0.4237947428767546,-0.3026001513001135,0.006093750093750094,-0.03013864213864214,-0.02240932640932641,1.0,0.23097638697638698,-0.023227427227427228,0.9999074319074319,0.24866696066696067,-0.005411405411405412
Observed_Tail_us,-0.017666657666657665,0.5303255903255903,-0.02584032184032184,0.002204174204174204,0.0035436995436995437,-0.02228077028077028,0.002531006754287871,-0.007707655707655707,-0.3827220889150509,-0.24429612214809163,0.035774627774627775,0.016357420357420358,-0.017666657666657665,0.23097638697638698,1.0,-0.06366905166905167,0.23042363042363043,0.9938462378462378,-0.2744047784047784
Observed_Crest_kV,0.9838891918891919,-0.11538707538707539,-0.057183249183249185,-0.01829037029037029,-0.1246006246006246,-0.04594156594156594,0.6550486528359324,-0.050316314316314316,-0.16605818380440102,-0.11309605654804242,0.0294000534000534,-0.0035814035814035815,0.9838891918891919,-0.023227427227427228,-0.06366905166905167,1.0,-0.02309031509031509,-0.05691788091788092,0.19047616647616647
Residual_FrontPeak,-0.02233904233904234,0.39452417852417854,0.20853066453066452,0.22714143514143514,-0.40920493320493323,0.01689016089016089,-0.04385912011539397,0.03637402837402837,-0.42376522881067263,-0.30308815154411367,-0.005004617004617005,-0.030907566907566908,-0.02233904233904234,0.9999074319074319,0.23042363042363043,-0.02309031509031509,1.0,0.2482063162063162,-0.005175137175137175
Residual_Tail,-0.006339306339306339,0.5646366246366247,-0.0006168366168366169,0.015277335277335278,0.0021194181194181196,-0.03258923658923659,0.021892625243310294,-0.021114249114249115,-0.43468702326457875,-0.34116017058012793,0.029492189492189493,-0.07697720897720897,-0.006339306339306339,0.24866696066696067,0.9938462378462378,-0.05691788091788092,0.2482063162063162,1.0,-0.2990947070947071
Residual_Crest,0.01869069069069069,-0.49282183282183284,-0.22172263772263773,-0.13014459414459414,-0.6725511125511126,0.012704520704520704,-0.002787606517395397,0.015146475146475146,0.4963969514331553,0.3768081884041413,-0.005921501921501922,0.06875949275949277,0.01869069069069069,-0.005411405411405412,-0.2744047784047784,0.19047616647616647,-0.005175137175137175,-0.2990947070947071,1.0
